timestamp,symbol,strategy,signal_type,entry_price,stop_loss,target,confidence,reasoning,status,rejection_reason
2026-04-30T07:49:50,ADANIENT,momentum_breakout,BUY,2425.90,2271.70,2734.31,0.70,Breakout above 20-period high (2420.00); vol 1.8x avg; RSI 77.1; EMAs aligned bullish,not_traded,paper-trade flag off
2026-04-30T07:49:50,BANDHANBNK,momentum_breakout,BUY,198.30,182.40,230.11,0.70,Breakout above 20-period high (183.09); vol 13.3x avg; RSI 72.9; EMAs aligned bullish,not_traded,paper-trade flag off
2026-04-30T07:55:37,ADANIENT,momentum_breakout,BUY,2425.90,2271.70,2734.31,0.70,Breakout above 20-period high (2420.00); vol 1.8x avg; RSI 77.1; EMAs aligned bullish,not_traded,paper-trade flag off
2026-04-30T07:55:38,BANDHANBNK,momentum_breakout,BUY,198.30,182.40,230.11,0.70,Breakout above 20-period high (183.09); vol 13.3x avg; RSI 72.9; EMAs aligned bullish,not_traded,paper-trade flag off
2026-04-30T08:00:06,ADANIENT,momentum_breakout,BUY,2425.90,2271.70,2734.31,0.70,Breakout above 20-period high (2420.00); vol 1.8x avg; RSI 77.1; EMAs aligned bullish,not_traded,paper-trade flag off
2026-04-30T08:00:06,BANDHANBNK,momentum_breakout,BUY,198.30,182.40,230.11,0.70,Breakout above 20-period high (183.09); vol 13.3x avg; RSI 72.9; EMAs aligned bullish,not_traded,paper-trade flag off
2026-04-30T08:12:18,ADANIENT,momentum_breakout,BUY,2425.90,2271.70,2734.31,0.70,Breakout above 20-period high (2420.00); vol 1.8x avg; RSI 77.1; EMAs aligned bullish,executed,
2026-04-30T08:12:18,BANDHANBNK,momentum_breakout,BUY,198.30,182.40,230.11,0.70,Breakout above 20-period high (183.09); vol 13.3x avg; RSI 72.9; EMAs aligned bullish,executed,
2026-04-30T09:30:22,CEMPRO,momentum_breakout,BUY,761.50,697.18,890.15,0.70,Breakout above 20-period high (702.95); vol 7.7x avg; RSI 76.6; EMAs aligned bullish,executed,
2026-04-30T09:30:26,CEMPRO,momentum_breakout,BUY,761.50,697.18,890.15,0.70,Breakout above 20-period high (702.95); vol 7.7x avg; RSI 76.6; EMAs aligned bullish,executed,
2026-04-30T09:30:33,CEMPRO,momentum_breakout,BUY,761.50,697.18,890.15,0.70,Breakout above 20-period high (702.95); vol 7.8x avg; RSI 76.6; EMAs aligned bullish,executed,
2026-04-30T10:03:03,3MINDIA,catalyst_c,BUY,32880.00,31401.39,35344.35,0.60,Catalyst C (1 signals): news positive (2 headlines),rejected,Invalid stop-loss → zero position size
2026-04-30T10:03:03,ABB,catalyst_c,BUY,7154.50,6825.91,7702.16,0.60,Catalyst C (1 signals): news positive (3 headlines),executed,
2026-04-30T10:03:03,ACMESOLAR,catalyst_c,BUY,305.70,288.25,334.78,0.60,Catalyst C (1 signals): news positive (1 headline),executed,
2026-04-30T10:03:03,AIAENG,catalyst_c,BUY,3919.40,3742.18,4214.77,0.60,Catalyst C (1 signals): news positive (1 headline),executed,
2026-04-30T10:03:03,AUBANK,catalyst_c,BUY,1005.90,958.92,1084.20,0.60,Catalyst C (1 signals): news positive (3 headlines),executed,
2026-04-30T10:03:03,AWL,catalyst_c,BUY,198.34,187.43,216.52,0.60,Catalyst C (1 signals): news positive (3 headlines),executed,
2026-04-30T10:03:03,AADHARHFC,catalyst_c,BUY,485.00,462.17,523.05,0.60,Catalyst C (1 signals): news positive (3 headlines),rejected,Max positions reached (5)
2026-04-30T10:03:03,AARTIIND,catalyst_c,BUY,505.30,480.88,546.00,0.60,Catalyst C (1 signals): news positive (2 headlines),rejected,Max positions reached (5)
2026-04-30T10:03:03,AAVAS,catalyst_b,BUY,1355.20,1286.54,1469.64,0.70,Catalyst B (2 signals): news positive (2 headlines) | analyst buy (+18% upside),rejected,Max positions reached (5)
2026-04-30T10:03:03,ADANIENSOL,catalyst_c,BUY,1363.35,1273.26,1513.50,0.60,Catalyst C (1 signals): news positive (3 headlines),rejected,Max positions reached (5)
2026-04-30T10:03:03,ADANIGREEN,catalyst_c,BUY,1216.25,1146.00,1333.33,0.60,Catalyst C (1 signals): news positive (3 headlines),rejected,Max positions reached (5)
2026-04-30T10:03:03,ADANIPORTS,catalyst_c,BUY,1613.00,1544.05,1727.91,0.60,Catalyst C (1 signals): news positive (2 headlines),rejected,Max positions reached (5)
2026-04-30T10:03:03,ATGL,catalyst_c,BUY,637.25,592.95,711.08,0.60,Tier 4 (weak sector Oil Gas & Consumable Fuels): Catalyst C (1 signals): news positive (4 headlines),filtered,weak sector
2026-04-30T10:03:03,ABCAPITAL,catalyst_c,BUY,343.60,326.23,372.54,0.60,Catalyst C (1 signals): news positive (2 headlines),rejected,Max positions reached (5)
2026-04-30T10:03:03,ABFRL,catalyst_c,BUY,64.95,61.15,71.28,0.60,Catalyst C (1 signals): news positive (2 headlines),rejected,Max positions reached (5)
2026-04-30T10:03:03,ABLBL,catalyst_c,BUY,103.72,98.65,112.18,0.60,Catalyst C (1 signals): analyst buy (+42% upside),rejected,Max positions reached (5)
2026-04-30T10:03:03,ABREL,catalyst_c,BUY,1522.00,1436.39,1664.68,0.60,Catalyst C (1 signals): news positive (1 headline),rejected,Max positions reached (5)
2026-04-30T10:03:03,ABSLAMC,catalyst_c,BUY,1016.55,948.36,1130.20,0.60,Catalyst C (1 signals): news positive (2 headlines),rejected,Max positions reached (5)
2026-04-30T10:03:03,AEGISLOG,catalyst_b,BUY,700.45,657.24,772.47,0.70,Catalyst B (2 signals): news positive (2 headlines) | analyst buy (+19% upside),rejected,Max positions reached (5)
2026-04-30T10:03:03,AFCONS,catalyst_b,BUY,333.50,311.46,370.23,0.70,Catalyst B (2 signals): news positive (1 headline) | analyst buy (+24% upside),rejected,Max positions reached (5)
2026-04-30T10:03:03,ABDL,catalyst_b,BUY,546.85,514.79,600.28,0.70,Catalyst B (2 signals): news positive (2 headlines) | analyst buy (+26% upside),rejected,Max positions reached (5)
2026-04-30T10:03:03,AMBER,catalyst_c,BUY,7904.00,7497.31,8581.81,0.60,Catalyst C (1 signals): news positive (2 headlines),rejected,Max positions reached (5)
2026-04-30T10:03:03,ANANDRATHI,catalyst_c,BUY,3628.40,3491.45,3856.65,0.60,Catalyst C (1 signals): news positive (3 headlines),rejected,Max positions reached (5)
2026-04-30T10:03:03,ANGELONE,catalyst_c,BUY,308.46,291.67,336.45,0.60,Catalyst C (1 signals): news positive (2 headlines),rejected,Max positions reached (5)
2026-04-30T10:03:03,ANTHEM,catalyst_c,BUY,769.25,732.48,830.54,0.60,Catalyst C (1 signals): news positive (1 headline),rejected,Max positions reached (5)
2026-04-30T10:03:03,ANURAS,catalyst_c,BUY,1288.70,1231.96,1383.27,0.60,Catalyst C (1 signals): news positive (2 headlines),rejected,Max positions reached (5)
2026-04-30T10:03:03,APARINDS,catalyst_c,BUY,12479.00,11665.57,13834.71,0.60,Catalyst C (1 signals): news positive (1 headline),rejected,Max positions reached (5)
2026-04-30T10:03:03,APOLLOHOSP,catalyst_b,BUY,7587.00,7341.58,7996.04,0.70,Catalyst B (2 signals): news positive (5 headlines) | analyst buy (+15% upside),rejected,Max positions reached (5)
2026-04-30T10:03:03,APTUS,catalyst_c,BUY,264.00,251.13,285.46,0.60,Catalyst C (1 signals): news positive (2 headlines),rejected,Max positions reached (5)
2026-04-30T10:03:03,ASIANPAINT,catalyst_c,BUY,2414.10,2321.82,2567.89,0.60,Catalyst C (1 signals): news positive (3 headlines),rejected,Max positions reached (5)
2026-04-30T10:03:03,ASTERDM,catalyst_c,BUY,693.85,663.40,744.60,0.60,Catalyst C (1 signals): news positive (3 headlines),rejected,Max positions reached (5)
2026-04-30T10:04:24,3MINDIA,catalyst_c,BUY,32895.00,31416.51,35359.15,0.60,Catalyst C (1 signals): news positive (2 headlines),rejected,Invalid stop-loss → zero position size
2026-04-30T10:04:24,ABB,catalyst_c,BUY,7147.50,6818.00,7696.67,0.60,Catalyst C (1 signals): news positive (3 headlines),executed,
2026-04-30T10:04:24,ACMESOLAR,catalyst_c,BUY,305.95,288.50,335.04,0.60,Catalyst C (1 signals): news positive (1 headline),executed,
2026-04-30T10:04:24,AIAENG,catalyst_c,BUY,3917.40,3740.19,4212.75,0.60,Catalyst C (1 signals): news positive (1 headline),executed,
2026-04-30T10:04:24,AUBANK,catalyst_c,BUY,1005.45,958.47,1083.75,0.60,Catalyst C (1 signals): news positive (3 headlines),executed,
2026-04-30T10:04:24,AWL,catalyst_c,BUY,198.40,187.48,216.60,0.60,Catalyst C (1 signals): news positive (3 headlines),executed,
2026-04-30T10:04:24,AADHARHFC,catalyst_c,BUY,485.00,462.17,523.05,0.60,Catalyst C (1 signals): news positive (3 headlines),rejected,Max positions reached (5)
2026-04-30T10:04:24,AARTIIND,catalyst_c,BUY,504.40,479.98,545.09,0.60,Catalyst C (1 signals): news positive (2 headlines),rejected,Max positions reached (5)
2026-04-30T10:04:24,AAVAS,catalyst_b,BUY,1355.40,1286.74,1469.83,0.70,Catalyst B (2 signals): news positive (2 headlines) | analyst buy (+18% upside),rejected,Max positions reached (5)
2026-04-30T10:04:24,ADANIENSOL,catalyst_c,BUY,1364.70,1274.61,1514.84,0.60,Catalyst C (1 signals): news positive (3 headlines),rejected,Max positions reached (5)
2026-04-30T10:04:24,ADANIGREEN,catalyst_c,BUY,1218.05,1147.80,1335.14,0.60,Catalyst C (1 signals): news positive (3 headlines),rejected,Max positions reached (5)
2026-04-30T10:04:24,ADANIPORTS,catalyst_c,BUY,1614.50,1545.55,1729.41,0.60,Catalyst C (1 signals): news positive (2 headlines),rejected,Max positions reached (5)
2026-04-30T10:04:24,ADANIPOWER,catalyst_c,BUY,218.10,206.02,238.23,0.60,Catalyst C (1 signals): news positive (2 headlines),rejected,Max positions reached (5)
2026-04-30T10:04:24,ATGL,catalyst_c,BUY,636.60,592.30,710.43,0.60,Tier 4 (weak sector Oil Gas & Consumable Fuels): Catalyst C (1 signals): news positive (4 headlines),filtered,weak sector
2026-04-30T10:04:24,ABCAPITAL,catalyst_c,BUY,343.40,326.03,372.34,0.60,Catalyst C (1 signals): news positive (2 headlines),rejected,Max positions reached (5)
2026-04-30T10:04:24,ABFRL,catalyst_c,BUY,64.88,61.08,71.21,0.60,Catalyst C (1 signals): news positive (2 headlines),rejected,Max positions reached (5)
2026-04-30T10:04:24,ABLBL,catalyst_c,BUY,103.60,98.53,112.06,0.60,Catalyst C (1 signals): analyst buy (+42% upside),rejected,Max positions reached (5)
2026-04-30T10:04:24,ABREL,catalyst_c,BUY,1516.10,1430.11,1659.41,0.60,Catalyst C (1 signals): news positive (1 headline),rejected,Max positions reached (5)
2026-04-30T10:04:24,ABSLAMC,catalyst_c,BUY,1016.05,947.86,1129.70,0.60,Catalyst C (1 signals): news positive (2 headlines),rejected,Max positions reached (5)
2026-04-30T10:04:24,AEGISLOG,catalyst_b,BUY,700.00,656.78,772.03,0.70,Catalyst B (2 signals): news positive (2 headlines) | analyst buy (+19% upside),rejected,Max positions reached (5)
2026-04-30T10:04:24,AFCONS,catalyst_b,BUY,333.45,311.41,370.18,0.70,Catalyst B (2 signals): news positive (1 headline) | analyst buy (+24% upside),rejected,Max positions reached (5)
2026-04-30T10:04:24,ABDL,catalyst_b,BUY,545.95,513.88,599.39,0.70,Catalyst B (2 signals): news positive (2 headlines) | analyst buy (+26% upside),rejected,Max positions reached (5)
2026-04-30T10:04:24,AMBER,catalyst_c,BUY,7903.00,7496.34,8580.77,0.60,Catalyst C (1 signals): news positive (2 headlines),rejected,Max positions reached (5)
2026-04-30T10:04:24,ANANDRATHI,catalyst_c,BUY,3621.90,3484.95,3850.16,0.60,Catalyst C (1 signals): news positive (3 headlines),rejected,Max positions reached (5)
2026-04-30T10:04:25,ANGELONE,catalyst_c,BUY,308.35,291.56,336.34,0.60,Catalyst C (1 signals): news positive (2 headlines),rejected,Max positions reached (5)
2026-04-30T10:04:25,ANTHEM,catalyst_c,BUY,768.85,732.08,830.14,0.60,Catalyst C (1 signals): news positive (1 headline),rejected,Max positions reached (5)
2026-04-30T10:04:25,ANURAS,catalyst_c,BUY,1294.90,1238.16,1389.47,0.60,Catalyst C (1 signals): news positive (2 headlines),rejected,Max positions reached (5)
2026-04-30T10:04:25,APARINDS,catalyst_c,BUY,12461.00,11647.56,13816.73,0.60,Catalyst C (1 signals): news positive (1 headline),rejected,Max positions reached (5)
2026-04-30T10:04:25,APOLLOHOSP,catalyst_b,BUY,7584.50,7339.08,7993.54,0.70,Catalyst B (2 signals): news positive (5 headlines) | analyst buy (+15% upside),rejected,Max positions reached (5)
2026-04-30T10:04:25,APTUS,catalyst_c,BUY,264.00,251.12,285.46,0.60,Catalyst C (1 signals): news positive (2 headlines),rejected,Max positions reached (5)
2026-04-30T10:04:25,ASIANPAINT,catalyst_c,BUY,2415.30,2323.03,2569.08,0.60,Catalyst C (1 signals): news positive (3 headlines),rejected,Max positions reached (5)
2026-04-30T10:04:25,ASTERDM,catalyst_c,BUY,693.05,662.58,743.83,0.60,Catalyst C (1 signals): news positive (3 headlines),rejected,Max positions reached (5)
2026-04-30T10:04:25,BAJFINANCE,fortress_b,BUY,953.10,910.84,1023.54,0.65,"Fortress B 6/8 (missed: F2,F4): breakout above 946.35; RSI 61; 5d ROC 3.8%",rejected,Max positions reached (5)
2026-04-30T10:06:11,BAJFINANCE,fortress_b,BUY,952.15,909.89,1022.59,0.65,"Fortress B 6/8 (missed: F2,F4): breakout above 946.35; RSI 61; 5d ROC 3.7%",executed,
2026-04-30T10:06:11,APARINDS,fortress_b,BUY,12466.50,11653.06,13822.23,0.65,"Fortress B 6/8 (missed: F4,F6): breakout above 12485.50; EMAs aligned bullish; RSI 69; 5d ROC 5.3%",executed,
2026-04-30T10:06:11,ANTHEM,catalyst_c,BUY,767.95,731.18,829.24,0.60,Catalyst C (1 signals): news positive (1 headline),executed,
2026-04-30T10:06:11,ABFRL,catalyst_c,BUY,64.76,60.95,71.11,0.60,Catalyst C (1 signals): news positive (2 headlines),executed,
2026-04-30T10:06:11,APTUS,catalyst_c,BUY,264.01,251.13,285.47,0.60,Catalyst C (1 signals): news positive (2 headlines),executed,
2026-04-30T10:06:11,AMBER,catalyst_c,BUY,7906.00,7499.34,8583.77,0.60,Catalyst C (1 signals): news positive (2 headlines),rejected,Max positions reached (5)
2026-04-30T10:06:11,ASTERDM,catalyst_c,BUY,694.40,663.93,745.18,0.60,Catalyst C (1 signals): news positive (3 headlines),rejected,Max positions reached (5)
2026-04-30T10:06:11,ADANIPORTS,catalyst_c,BUY,1615.00,1546.05,1729.91,0.60,Catalyst C (1 signals): news positive (2 headlines),rejected,Max positions reached (5)
2026-04-30T10:06:11,ABCAPITAL,catalyst_c,BUY,343.45,326.08,372.39,0.60,Catalyst C (1 signals): news positive (2 headlines),rejected,Max positions reached (5)
2026-04-30T10:06:11,ACMESOLAR,catalyst_c,BUY,305.65,288.20,334.74,0.60,Catalyst C (1 signals): news positive (1 headline),rejected,Max positions reached (5)
2026-04-30T10:06:11,AIAENG,catalyst_c,BUY,3915.50,3738.29,4210.85,0.60,Catalyst C (1 signals): news positive (1 headline),rejected,Max positions reached (5)
2026-04-30T10:06:11,AADHARHFC,catalyst_c,BUY,483.70,460.83,521.81,0.60,Catalyst C (1 signals): news positive (3 headlines),rejected,Max positions reached (5)
2026-04-30T10:06:11,ANANDRATHI,catalyst_c,BUY,3626.90,3489.95,3855.16,0.60,Catalyst C (1 signals): news positive (3 headlines),rejected,Max positions reached (5)
2026-04-30T10:06:11,3MINDIA,catalyst_c,BUY,32865.00,31386.51,35329.15,0.60,Catalyst C (1 signals): news positive (2 headlines),rejected,Max positions reached (5)
2026-04-30T10:06:11,AFCONS,catalyst_b,BUY,333.70,311.66,370.43,0.70,Catalyst B (2 signals): news positive (1 headline) | analyst buy (+24% upside),rejected,Max positions reached (5)
2026-04-30T10:06:11,ATGL,catalyst_c,BUY,637.75,593.45,711.58,0.60,Tier 4 (weak sector Oil Gas & Consumable Fuels): Catalyst C (1 signals): news positive (4 headlines),filtered,weak sector
2026-04-30T10:06:11,AARTIIND,catalyst_c,BUY,503.65,479.23,544.34,0.60,Catalyst C (1 signals): news positive (2 headlines),rejected,Max positions reached (5)
2026-04-30T10:06:11,ABREL,catalyst_c,BUY,1518.30,1432.31,1661.61,0.60,Catalyst C (1 signals): news positive (1 headline),rejected,Max positions reached (5)
2026-04-30T10:06:11,APOLLOHOSP,catalyst_b,BUY,7587.00,7341.58,7996.04,0.70,Catalyst B (2 signals): news positive (5 headlines) | analyst buy (+15% upside),rejected,Max positions reached (5)
2026-04-30T10:06:11,ABB,catalyst_c,BUY,7149.50,6819.73,7699.12,0.60,Catalyst C (1 signals): news positive (3 headlines),rejected,Max positions reached (5)
2026-04-30T10:06:11,AUBANK,catalyst_c,BUY,1005.50,958.52,1083.80,0.60,Catalyst C (1 signals): news positive (3 headlines),rejected,Max positions reached (5)
2026-04-30T10:06:11,AAVAS,catalyst_b,BUY,1355.10,1286.44,1469.53,0.70,Catalyst B (2 signals): news positive (2 headlines) | analyst buy (+18% upside),rejected,Max positions reached (5)
2026-04-30T10:06:11,AEGISLOG,catalyst_b,BUY,699.05,655.73,771.26,0.70,Catalyst B (2 signals): news positive (2 headlines) | analyst buy (+19% upside),rejected,Max positions reached (5)
2026-04-30T10:06:11,ABDL,catalyst_b,BUY,545.25,513.15,598.75,0.70,Catalyst B (2 signals): news positive (2 headlines) | analyst buy (+26% upside),rejected,Max positions reached (5)
2026-04-30T10:06:11,ANGELONE,catalyst_c,BUY,308.45,291.66,336.44,0.60,Catalyst C (1 signals): news positive (2 headlines),rejected,Max positions reached (5)
2026-04-30T10:06:12,ABSLAMC,catalyst_c,BUY,1015.30,947.11,1128.95,0.60,Catalyst C (1 signals): news positive (2 headlines),rejected,Max positions reached (5)
2026-04-30T10:06:12,ASIANPAINT,catalyst_c,BUY,2416.20,2323.93,2569.98,0.60,Catalyst C (1 signals): news positive (3 headlines),rejected,Max positions reached (5)
2026-04-30T10:06:12,AWL,catalyst_c,BUY,198.40,187.46,216.64,0.60,Catalyst C (1 signals): news positive (3 headlines),rejected,Max positions reached (5)
2026-04-30T10:06:12,ANURAS,catalyst_c,BUY,1296.50,1239.76,1391.07,0.60,Catalyst C (1 signals): news positive (2 headlines),rejected,Max positions reached (5)
2026-04-30T10:06:12,ADANIGREEN,catalyst_c,BUY,1222.45,1152.20,1339.54,0.60,Catalyst C (1 signals): news positive (3 headlines),rejected,Max positions reached (5)
2026-04-30T10:06:12,ABLBL,catalyst_c,BUY,103.64,98.57,112.10,0.60,Catalyst C (1 signals): analyst buy (+42% upside),rejected,Max positions reached (5)
2026-04-30T10:06:12,ADANIENSOL,catalyst_c,BUY,1367.20,1277.11,1517.34,0.60,Catalyst C (1 signals): news positive (3 headlines),rejected,Max positions reached (5)
2026-04-30T10:13:54,NAVINFLUOR,catalyst_b,BUY,6780.00,6438.16,7349.73,0.70,Catalyst B (2 signals): volume 6.6x avg | gap up 4.3%,executed,
2026-04-30T10:13:54,MEESHO,catalyst_c,BUY,186.05,172.62,208.44,0.60,Tier 4 (weak sector Consumer Services): Catalyst C (1 signals): volume 2.5x avg,filtered,weak sector
2026-04-30T10:13:54,BAJFINANCE,fortress_b,BUY,947.25,904.99,1017.69,0.65,"Tier 4 (weak sector Financial Services): Fortress B 6/8 (missed: F2,F4): breakout above 946.35; RSI 60; 5d ROC 3.1%",filtered,weak sector
2026-04-30T10:13:54,SYNGENE,fortress_c,BUY,461.45,437.48,502.01,0.55,"Fortress C 5/8 (missed: F2,F3,F6): breakout above 450.95; volume 10.5x avg; RSI 64; 5d ROC 7.7%",executed,
2026-04-30T10:13:54,CREDITACC,fortress_b,BUY,1300.40,1237.40,1405.40,0.65,"Tier 4 (weak sector Financial Services): Fortress B 6/8 (missed: F2,F4): breakout above 1298.00; RSI 66; 5d ROC 4.7%",filtered,weak sector
2026-04-30T10:13:54,APARINDS,catalyst_c,BUY,12429.50,11616.06,13785.23,0.60,Catalyst C (1 signals): news positive (1 headline),rejected,Invalid stop-loss → zero position size
2026-04-30T10:13:54,DCMSHRIRAM,catalyst_c,BUY,1211.10,1142.99,1324.62,0.60,Catalyst C (1 signals): volume 3.6x avg,executed,
2026-04-30T10:13:54,ANTHEM,catalyst_c,BUY,768.10,731.33,829.39,0.60,Catalyst C (1 signals): news positive (1 headline),executed,
2026-04-30T10:13:54,HFCL,fortress_c,BUY,109.00,103.24,118.75,0.55,"Tier 4 (weak sector Telecommunication): Fortress C 5/8 (missed: F4,F5,F6): breakout above 108.80; EMAs aligned bullish; 5d ROC 11.5%",filtered,weak sector
2026-04-30T10:13:54,APTUS,catalyst_c,BUY,261.67,248.79,283.14,0.60,Tier 4 (weak sector Financial Services): Catalyst C (1 signals): news positive (2 headlines),filtered,weak sector
2026-04-30T10:13:54,3MINDIA,catalyst_c,BUY,32885.00,31406.51,35349.15,0.60,Catalyst C (1 signals): news positive (2 headlines),rejected,Invalid stop-loss → zero position size
2026-04-30T10:13:54,IKS,fortress_c,BUY,1595.70,1516.91,1729.04,0.55,"Tier 4 (weak sector Information Technology): Fortress C 5/8 (missed: F2,F4,F6): breakout above 1573.80; RSI 68; 5d ROC 11.2%",filtered,weak sector
2026-04-30T10:13:54,HSCL,fortress_c,BUY,611.25,579.93,664.25,0.55,"Fortress C 5/8 (missed: F4,F5,F6): breakout above 608.50; EMAs aligned bullish; 5d ROC 14.0%",executed,
2026-04-30T10:13:54,AMBER,catalyst_c,BUY,7880.00,7471.14,8561.43,0.60,Catalyst C (1 signals): news positive (2 headlines),rejected,Max positions reached (5)
2026-04-30T10:13:54,ASTERDM,catalyst_c,BUY,692.10,661.48,743.13,0.60,Catalyst C (1 signals): news positive (3 headlines),rejected,Max positions reached (5)
2026-04-30T10:13:54,ADANIPORTS,catalyst_c,BUY,1613.00,1544.05,1727.91,0.60,Catalyst C (1 signals): news positive (2 headlines),rejected,Max positions reached (5)
2026-04-30T10:13:55,ACMESOLAR,catalyst_c,BUY,303.80,286.35,332.89,0.60,Catalyst C (1 signals): news positive (1 headline),rejected,Max positions reached (5)
2026-04-30T10:13:55,ABCAPITAL,catalyst_c,BUY,342.45,325.08,371.39,0.60,Tier 4 (weak sector Financial Services): Catalyst C (1 signals): news positive (2 headlines),filtered,weak sector
2026-04-30T10:13:55,TATACHEM,catalyst_c,BUY,801.90,751.01,886.72,0.60,Catalyst C (1 signals): gap up 3.9%,rejected,Max positions reached (5)
2026-04-30T10:13:55,ABFRL,catalyst_c,BUY,64.60,60.77,70.98,0.60,Tier 4 (weak sector Consumer Services): Catalyst C (1 signals): news positive (2 headlines),filtered,weak sector
2026-04-30T10:13:55,AADHARHFC,catalyst_c,BUY,483.10,460.13,521.39,0.60,Tier 4 (weak sector Financial Services): Catalyst C (1 signals): news positive (3 headlines),filtered,weak sector
2026-04-30T10:13:55,ABREL,catalyst_c,BUY,1512.00,1425.34,1656.43,0.60,Catalyst C (1 signals): news positive (1 headline),rejected,Max positions reached (5)
2026-04-30T10:13:55,AARTIIND,catalyst_c,BUY,501.30,476.88,541.99,0.60,Catalyst C (1 signals): news positive (2 headlines),rejected,Max positions reached (5)
2026-04-30T10:13:55,AFCONS,catalyst_b,BUY,334.15,312.11,370.88,0.70,Catalyst B (2 signals): news positive (1 headline) | analyst buy (+24% upside),rejected,Max positions reached (5)
2026-04-30T10:13:55,ATGL,catalyst_c,BUY,629.75,584.76,704.73,0.60,Catalyst C (1 signals): news positive (4 headlines),rejected,Max positions reached (5)
2026-04-30T10:13:55,APOLLOHOSP,catalyst_b,BUY,7575.00,7329.58,7984.04,0.70,Catalyst B (2 signals): news positive (5 headlines) | analyst buy (+15% upside),rejected,Max positions reached (5)
2026-04-30T10:13:55,TATAINVEST,catalyst_c,BUY,718.85,678.67,785.82,0.60,Tier 4 (weak sector Financial Services): Catalyst C (1 signals): gap up 2.2%,filtered,weak sector
2026-04-30T10:13:55,ABB,catalyst_c,BUY,7147.50,6816.87,7698.54,0.60,Catalyst C (1 signals): news positive (3 headlines),rejected,Max positions reached (5)
2026-04-30T10:13:55,AUBANK,catalyst_c,BUY,1007.80,960.82,1086.10,0.60,Tier 4 (weak sector Financial Services): Catalyst C (1 signals): news positive (3 headlines),filtered,weak sector
2026-04-30T10:13:55,AAVAS,catalyst_b,BUY,1356.30,1287.44,1471.07,0.70,Catalyst B (2 signals): news positive (2 headlines) | analyst buy (+18% upside),rejected,Max positions reached (5)
2026-04-30T10:13:55,AEGISLOG,catalyst_b,BUY,696.55,652.91,769.29,0.70,Catalyst B (2 signals): news positive (2 headlines) | analyst buy (+19% upside),rejected,Max positions reached (5)
2026-04-30T10:13:55,ABDL,catalyst_b,BUY,541.70,509.19,595.88,0.70,Catalyst B (2 signals): news positive (2 headlines) | analyst buy (+26% upside),rejected,Max positions reached (5)
2026-04-30T10:13:55,ANGELONE,catalyst_c,BUY,307.00,290.21,334.99,0.60,Tier 4 (weak sector Financial Services): Catalyst C (1 signals): news positive (2 headlines),filtered,weak sector
2026-04-30T10:13:55,CEMPRO,catalyst_b,BUY,781.00,730.67,864.88,0.70,Catalyst B (2 signals): volume 23.7x avg | gap up 8.6%,rejected,Max positions reached (5)
2026-04-30T10:13:55,ANANDRATHI,catalyst_c,BUY,3616.40,3479.45,3844.66,0.60,Tier 4 (weak sector Financial Services): Catalyst C (1 signals): news positive (3 headlines),filtered,weak sector
2026-04-30T10:13:55,ABSLAMC,catalyst_c,BUY,1017.85,949.66,1131.50,0.60,Tier 4 (weak sector Financial Services): Catalyst C (1 signals): news positive (2 headlines),filtered,weak sector
2026-04-30T10:13:55,AIAENG,catalyst_c,BUY,3902.60,3724.22,4199.90,0.60,Catalyst C (1 signals): news positive (1 headline),rejected,Max positions reached (5)
2026-04-30T10:13:55,ANURAS,catalyst_c,BUY,1303.20,1246.46,1397.77,0.60,Catalyst C (1 signals): news positive (2 headlines),rejected,Max positions reached (5)
2026-04-30T10:13:55,ASIANPAINT,catalyst_c,BUY,2408.60,2316.23,2562.56,0.60,Catalyst C (1 signals): news positive (3 headlines),rejected,Max positions reached (5)
2026-04-30T10:13:55,AWL,catalyst_c,BUY,197.26,186.22,215.66,0.60,Catalyst C (1 signals): news positive (3 headlines),rejected,Max positions reached (5)
2026-04-30T10:13:55,ADANIGREEN,catalyst_c,BUY,1211.90,1141.64,1329.00,0.60,Catalyst C (1 signals): news positive (3 headlines),rejected,Max positions reached (5)
2026-04-30T10:13:55,ADANIENSOL,catalyst_c,BUY,1352.50,1262.41,1502.64,0.60,Catalyst C (1 signals): news positive (3 headlines),rejected,Max positions reached (5)
2026-04-30T10:13:56,ADANIPOWER,catalyst_c,BUY,216.42,204.34,236.55,0.60,Catalyst C (1 signals): news positive (2 headlines),rejected,Max positions reached (5)
2026-04-30T10:13:56,ABLBL,catalyst_c,BUY,103.33,98.25,111.80,0.60,Tier 4 (weak sector Consumer Services): Catalyst C (1 signals): analyst buy (+42% upside),filtered,weak sector
2026-04-30T10:25:35,BAJFINANCE,fortress_b,BUY,946.35,904.09,1016.79,0.65,"Tier 4 (weak sector Financial Services): Fortress B 6/8 (missed: F2,F4): breakout above 946.35; RSI 60; 5d ROC 3.0%",filtered,weak sector
2026-04-30T10:25:35,MEESHO,catalyst_c,BUY,185.00,171.57,207.39,0.60,Tier 4 (weak sector Consumer Services): Catalyst C (1 signals): volume 2.8x avg,filtered,weak sector
2026-04-30T10:25:35,NAVINFLUOR,catalyst_b,BUY,6701.00,6351.82,7282.96,0.70,Catalyst B (2 signals): volume 7.0x avg | gap up 4.3%,executed,
2026-04-30T10:25:35,SYNGENE,fortress_c,BUY,457.45,433.48,498.01,0.55,"Fortress C 5/8 (missed: F2,F3,F6): breakout above 450.95; volume 11.0x avg; RSI 63; 5d ROC 6.8%",executed,
2026-04-30T10:25:35,CREDITACC,fortress_b,BUY,1301.30,1238.30,1406.30,0.65,"Tier 4 (weak sector Financial Services): Fortress B 6/8 (missed: F2,F4): breakout above 1298.00; RSI 66; 5d ROC 4.8%",filtered,weak sector
2026-04-30T10:25:35,APARINDS,catalyst_c,BUY,12335.50,11513.76,13705.07,0.60,Catalyst C (1 signals): news positive (1 headline),rejected,Invalid stop-loss → zero position size
2026-04-30T10:25:35,DCMSHRIRAM,catalyst_c,BUY,1201.60,1133.49,1315.12,0.60,Catalyst C (1 signals): volume 3.9x avg,executed,
2026-04-30T10:25:35,ANTHEM,catalyst_c,BUY,765.85,729.06,827.17,0.60,Catalyst C (1 signals): news positive (1 headline),executed,
2026-04-30T10:25:35,IKS,fortress_c,BUY,1603.10,1523.55,1737.73,0.55,"Tier 4 (weak sector Information Technology): Fortress C 5/8 (missed: F2,F4,F6): breakout above 1573.80; RSI 69; 5d ROC 11.7%",filtered,weak sector
2026-04-30T10:25:35,APTUS,catalyst_c,BUY,260.44,247.56,281.91,0.60,Tier 4 (weak sector Financial Services): Catalyst C (1 signals): news positive (2 headlines),filtered,weak sector
2026-04-30T10:25:36,HSCL,fortress_c,BUY,613.50,582.18,666.50,0.55,"Fortress C 5/8 (missed: F4,F5,F6): breakout above 608.50; EMAs aligned bullish; 5d ROC 14.4%",executed,
2026-04-30T10:25:36,ADANIPORTS,catalyst_c,BUY,1616.30,1547.35,1731.21,0.60,Catalyst C (1 signals): news positive (2 headlines),executed,
2026-04-30T10:25:36,ASTERDM,catalyst_c,BUY,692.65,661.97,743.79,0.60,Catalyst C (1 signals): news positive (3 headlines),executed,
2026-04-30T10:25:36,ACMESOLAR,catalyst_c,BUY,302.05,284.52,331.26,0.60,Catalyst C (1 signals): news positive (1 headline),executed,
2026-04-30T10:25:36,TATACHEM,catalyst_c,BUY,805.00,753.88,890.21,0.60,Catalyst C (1 signals): gap up 3.9%,rejected,Max positions reached (8)
2026-04-30T10:25:36,ABCAPITAL,catalyst_c,BUY,341.55,324.11,370.61,0.60,Tier 4 (weak sector Financial Services): Catalyst C (1 signals): news positive (2 headlines),filtered,weak sector
2026-04-30T10:25:36,ABFRL,catalyst_c,BUY,64.47,60.62,70.89,0.60,Tier 4 (weak sector Consumer Services): Catalyst C (1 signals): news positive (2 headlines),filtered,weak sector
2026-04-30T10:25:36,AADHARHFC,catalyst_c,BUY,483.05,459.98,521.50,0.60,Tier 4 (weak sector Financial Services): Catalyst C (1 signals): news positive (3 headlines),filtered,weak sector
2026-04-30T10:25:36,ABREL,catalyst_c,BUY,1508.20,1421.24,1653.13,0.60,Catalyst C (1 signals): news positive (1 headline),rejected,Max positions reached (8)
2026-04-30T10:25:36,AARTIIND,catalyst_c,BUY,500.55,476.05,541.38,0.60,Catalyst C (1 signals): news positive (2 headlines),rejected,Max positions reached (8)
2026-04-30T10:25:36,3MINDIA,catalyst_c,BUY,32845.00,31366.51,35309.15,0.60,Catalyst C (1 signals): news positive (2 headlines),rejected,Max positions reached (8)
2026-04-30T10:25:36,AFCONS,catalyst_b,BUY,331.85,309.81,368.58,0.70,Catalyst B (2 signals): news positive (1 headline) | analyst buy (+24% upside),rejected,Max positions reached (8)
2026-04-30T10:25:36,APOLLOHOSP,catalyst_b,BUY,7591.50,7345.97,8000.72,0.70,Catalyst B (2 signals): news positive (5 headlines) | analyst buy (+15% upside),rejected,Max positions reached (8)
2026-04-30T10:25:36,ATGL,catalyst_c,BUY,628.65,583.46,703.96,0.60,Catalyst C (1 signals): news positive (4 headlines),rejected,Max positions reached (8)
2026-04-30T10:25:36,AMBER,catalyst_c,BUY,7845.00,7432.23,8532.95,0.60,Tier 4 (weak sector Consumer Durables): Catalyst C (1 signals): news positive (2 headlines),filtered,weak sector
2026-04-30T10:25:36,TATAINVEST,catalyst_c,BUY,717.50,677.17,784.71,0.60,Tier 4 (weak sector Financial Services): Catalyst C (1 signals): gap up 2.2%,filtered,weak sector
2026-04-30T10:25:36,ABB,catalyst_c,BUY,7155.00,6824.37,7706.04,0.60,Catalyst C (1 signals): news positive (3 headlines),rejected,Max positions reached (8)
2026-04-30T10:25:36,AUBANK,catalyst_c,BUY,1007.85,960.87,1086.15,0.60,Tier 4 (weak sector Financial Services): Catalyst C (1 signals): news positive (3 headlines),filtered,weak sector
2026-04-30T10:25:36,AAVAS,catalyst_b,BUY,1354.10,1285.24,1468.87,0.70,Catalyst B (2 signals): news positive (2 headlines) | analyst buy (+18% upside),rejected,Max positions reached (8)
2026-04-30T10:25:36,AEGISLOG,catalyst_b,BUY,695.25,651.31,768.49,0.70,Catalyst B (2 signals): news positive (2 headlines) | analyst buy (+19% upside),rejected,Max positions reached (8)
2026-04-30T10:25:36,ABDL,catalyst_b,BUY,537.40,504.21,592.72,0.70,Catalyst B (2 signals): news positive (2 headlines) | analyst buy (+26% upside),rejected,Max positions reached (8)
2026-04-30T10:25:36,ANGELONE,catalyst_c,BUY,306.24,289.39,334.32,0.60,Tier 4 (weak sector Financial Services): Catalyst C (1 signals): news positive (2 headlines),filtered,weak sector
2026-04-30T10:25:36,CEMPRO,fortress_c,BUY,789.65,745.31,864.69,0.55,"Fortress C 5/8 (missed: F2,F5,F6): breakout above 702.95; volume 29.1x avg; 5d ROC 18.9%",rejected,Max positions reached (8)
2026-04-30T10:25:36,ANANDRATHI,catalyst_c,BUY,3615.20,3478.25,3843.46,0.60,Tier 4 (weak sector Financial Services): Catalyst C (1 signals): news positive (3 headlines),filtered,weak sector
2026-04-30T10:25:36,ANURAS,catalyst_c,BUY,1305.00,1248.26,1399.57,0.60,Catalyst C (1 signals): news positive (2 headlines),rejected,Max positions reached (8)
2026-04-30T10:25:36,ABSLAMC,catalyst_c,BUY,1017.95,949.76,1131.60,0.60,Tier 4 (weak sector Financial Services): Catalyst C (1 signals): news positive (2 headlines),filtered,weak sector
2026-04-30T10:25:36,AIAENG,catalyst_c,BUY,3897.80,3718.96,4195.87,0.60,Catalyst C (1 signals): news positive (1 headline),rejected,Max positions reached (8)
2026-04-30T10:25:37,ASIANPAINT,catalyst_c,BUY,2412.20,2319.64,2566.46,0.60,Tier 4 (weak sector Consumer Durables): Catalyst C (1 signals): news positive (3 headlines),filtered,weak sector
2026-04-30T10:25:37,AWL,catalyst_c,BUY,197.80,186.76,216.20,0.60,Catalyst C (1 signals): news positive (3 headlines),rejected,Max positions reached (8)
2026-04-30T10:25:37,ADANIENSOL,catalyst_c,BUY,1349.85,1259.76,1499.99,0.60,Catalyst C (1 signals): news positive (3 headlines),rejected,Max positions reached (8)
2026-04-30T10:25:37,ADANIPOWER,catalyst_c,BUY,215.52,203.40,235.73,0.60,Catalyst C (1 signals): news positive (2 headlines),rejected,Max positions reached (8)
2026-04-30T10:25:37,ABLBL,catalyst_c,BUY,103.16,98.05,111.67,0.60,Tier 4 (weak sector Consumer Services): Catalyst C (1 signals): analyst buy (+42% upside),filtered,weak sector
2026-04-30T10:25:37,ADANIGREEN,catalyst_c,BUY,1207.55,1136.60,1325.81,0.60,Catalyst C (1 signals): news positive (3 headlines),rejected,Max positions reached (8)
2026-04-30T10:30:15,BAJFINANCE,fortress_b,BUY,948.00,905.74,1018.44,0.65,"Fortress B 6/8 (missed: F2,F4): breakout above 946.35; RSI 60; 5d ROC 3.2%",executed,
2026-04-30T10:30:15,CREDITACC,fortress_c,BUY,1301.90,1247.30,1394.30,0.55,"Fortress C 5/8 (missed: F2,F4,F6): breakout above 1298.00; RSI 66; 5d ROC 4.8%",executed,
2026-04-30T10:30:15,APARINDS,catalyst_c,BUY,12368.50,11546.76,13738.07,0.60,Catalyst C (1 signals): news positive (1 headline),rejected,Invalid stop-loss → zero position size
2026-04-30T10:30:15,DCMSHRIRAM,catalyst_c,BUY,1200.20,1132.09,1313.72,0.60,Catalyst C (1 signals): volume 4.0x avg,executed,
2026-04-30T10:30:15,ANTHEM,catalyst_c,BUY,766.90,730.11,828.22,0.60,Catalyst C (1 signals): news positive (1 headline),executed,
2026-04-30T10:30:15,APTUS,catalyst_c,BUY,260.53,247.65,282.00,0.60,Catalyst C (1 signals): news positive (2 headlines),executed,
2026-04-30T10:30:15,ADANIPORTS,catalyst_c,BUY,1616.50,1547.55,1731.41,0.60,Catalyst C (1 signals): news positive (2 headlines),executed,
2026-04-30T10:30:15,ASTERDM,catalyst_c,BUY,692.80,662.12,743.94,0.60,Catalyst C (1 signals): news positive (3 headlines),executed,
2026-04-30T10:30:16,ABCAPITAL,catalyst_c,BUY,341.00,323.55,370.09,0.60,Catalyst C (1 signals): news positive (2 headlines),executed,
2026-04-30T10:30:16,AADHARHFC,catalyst_c,BUY,483.20,460.13,521.65,0.60,Catalyst C (1 signals): news positive (3 headlines),rejected,Max positions reached (8)
2026-04-30T10:30:16,ABREL,catalyst_c,BUY,1507.90,1420.94,1652.83,0.60,Catalyst C (1 signals): news positive (1 headline),rejected,Max positions reached (8)
2026-04-30T10:30:16,ABFRL,catalyst_c,BUY,64.15,60.27,70.62,0.60,Tier 4 (weak sector Consumer Services): Catalyst C (1 signals): news positive (2 headlines),filtered,weak sector
2026-04-30T10:30:16,AARTIIND,catalyst_c,BUY,500.20,475.70,541.03,0.60,Catalyst C (1 signals): news positive (2 headlines),rejected,Max positions reached (8)
2026-04-30T10:30:16,3MINDIA,catalyst_c,BUY,32845.00,31366.51,35309.15,0.60,Catalyst C (1 signals): news positive (2 headlines),rejected,Max positions reached (8)
2026-04-30T10:30:16,AFCONS,catalyst_b,BUY,332.00,309.96,368.73,0.70,Catalyst B (2 signals): news positive (1 headline) | analyst buy (+24% upside),rejected,Max positions reached (8)
2026-04-30T10:30:16,APOLLOHOSP,catalyst_b,BUY,7590.50,7344.97,7999.72,0.70,Catalyst B (2 signals): news positive (5 headlines) | analyst buy (+15% upside),rejected,Max positions reached (8)
2026-04-30T10:30:16,ATGL,catalyst_c,BUY,627.30,581.99,702.81,0.60,Catalyst C (1 signals): news positive (4 headlines),rejected,Max positions reached (8)
2026-04-30T10:30:16,AMBER,catalyst_c,BUY,7845.50,7432.73,8533.45,0.60,Catalyst C (1 signals): news positive (2 headlines),rejected,Max positions reached (8)
2026-04-30T10:30:16,ABB,catalyst_c,BUY,7108.00,6773.89,7664.85,0.60,Catalyst C (1 signals): news positive (3 headlines),rejected,Max positions reached (8)
2026-04-30T10:30:16,ACMESOLAR,catalyst_c,BUY,300.90,283.23,330.35,0.60,Tier 4 (weak sector Power): Catalyst C (1 signals): news positive (1 headline),filtered,weak sector
2026-04-30T10:30:16,AUBANK,catalyst_c,BUY,1005.75,958.77,1084.05,0.60,Catalyst C (1 signals): news positive (3 headlines),rejected,Max positions reached (8)
2026-04-30T10:30:16,AAVAS,catalyst_b,BUY,1351.10,1282.14,1466.03,0.70,Catalyst B (2 signals): news positive (2 headlines) | analyst buy (+18% upside),rejected,Max positions reached (8)
2026-04-30T10:30:16,AEGISLOG,catalyst_b,BUY,695.50,651.56,768.74,0.70,Catalyst B (2 signals): news positive (2 headlines) | analyst buy (+19% upside),rejected,Max positions reached (8)
2026-04-30T10:30:16,ABDL,catalyst_b,BUY,532.80,499.35,588.55,0.70,Catalyst B (2 signals): news positive (2 headlines) | analyst buy (+26% upside),rejected,Max positions reached (8)
2026-04-30T10:30:17,ANGELONE,catalyst_c,BUY,306.58,289.73,334.66,0.60,Catalyst C (1 signals): news positive (2 headlines),rejected,Max positions reached (8)
2026-04-30T10:30:17,CEMPRO,fortress_c,BUY,792.90,748.56,867.94,0.55,"Fortress C 5/8 (missed: F2,F5,F6): breakout above 702.95; volume 30.9x avg; 5d ROC 19.4%",rejected,Max positions reached (8)
2026-04-30T10:30:17,ANANDRATHI,catalyst_c,BUY,3610.50,3473.55,3838.76,0.60,Catalyst C (1 signals): news positive (3 headlines),rejected,Max positions reached (8)
2026-04-30T10:30:17,ABSLAMC,catalyst_c,BUY,1018.65,950.46,1132.30,0.60,Catalyst C (1 signals): news positive (2 headlines),rejected,Max positions reached (8)
2026-04-30T10:30:17,ANURAS,catalyst_c,BUY,1305.40,1248.66,1399.97,0.60,Catalyst C (1 signals): news positive (2 headlines),rejected,Max positions reached (8)
2026-04-30T10:30:17,AIAENG,catalyst_c,BUY,3897.90,3719.06,4195.97,0.60,Catalyst C (1 signals): news positive (1 headline),rejected,Max positions reached (8)
2026-04-30T10:30:17,ASIANPAINT,catalyst_c,BUY,2414.10,2321.54,2568.36,0.60,Catalyst C (1 signals): news positive (3 headlines),rejected,Max positions reached (8)
2026-04-30T10:30:17,ADANIENSOL,catalyst_c,BUY,1347.45,1257.36,1497.59,0.60,Tier 4 (weak sector Power): Catalyst C (1 signals): news positive (3 headlines),filtered,weak sector
2026-04-30T10:30:17,AWL,catalyst_c,BUY,197.70,186.66,216.10,0.60,Catalyst C (1 signals): news positive (3 headlines),rejected,Max positions reached (8)
2026-04-30T10:30:17,ABLBL,catalyst_c,BUY,103.41,98.30,111.92,0.60,Tier 4 (weak sector Consumer Services): Catalyst C (1 signals): analyst buy (+42% upside),filtered,weak sector
2026-04-30T10:30:17,ADANIGREEN,catalyst_c,BUY,1206.95,1136.00,1325.21,0.60,Tier 4 (weak sector Power): Catalyst C (1 signals): news positive (3 headlines),filtered,weak sector
2026-04-30T10:30:18,ADANIPOWER,catalyst_c,BUY,214.75,202.62,234.97,0.60,Tier 4 (weak sector Power): Catalyst C (1 signals): news positive (2 headlines),filtered,weak sector
2026-04-30T10:30:21,BAJFINANCE,fortress_b,BUY,948.25,905.99,1018.69,0.65,"Fortress B 6/8 (missed: F2,F4): breakout above 946.35; RSI 60; 5d ROC 3.3%",executed,
2026-04-30T10:30:21,CREDITACC,fortress_c,BUY,1301.90,1247.30,1394.30,0.55,"Fortress C 5/8 (missed: F2,F4,F6): breakout above 1298.00; RSI 66; 5d ROC 4.8%",executed,
2026-04-30T10:30:21,APARINDS,catalyst_c,BUY,12368.50,11546.76,13738.07,0.60,Catalyst C (1 signals): news positive (1 headline),rejected,Invalid stop-loss → zero position size
2026-04-30T10:30:21,DCMSHRIRAM,catalyst_c,BUY,1200.20,1132.09,1313.72,0.60,Catalyst C (1 signals): volume 4.0x avg,executed,
2026-04-30T10:30:21,ANTHEM,catalyst_c,BUY,766.90,730.11,828.22,0.60,Catalyst C (1 signals): news positive (1 headline),executed,
2026-04-30T10:30:21,APTUS,catalyst_c,BUY,260.53,247.65,282.00,0.60,Catalyst C (1 signals): news positive (2 headlines),executed,
2026-04-30T10:30:21,ADANIPORTS,catalyst_c,BUY,1616.50,1547.55,1731.41,0.60,Catalyst C (1 signals): news positive (2 headlines),executed,
2026-04-30T10:30:21,ASTERDM,catalyst_c,BUY,692.95,662.27,744.09,0.60,Catalyst C (1 signals): news positive (3 headlines),executed,
2026-04-30T10:30:21,ABCAPITAL,catalyst_c,BUY,341.00,323.55,370.09,0.60,Catalyst C (1 signals): news positive (2 headlines),executed,
2026-04-30T10:30:22,AADHARHFC,catalyst_c,BUY,483.20,460.13,521.65,0.60,Catalyst C (1 signals): news positive (3 headlines),rejected,Max positions reached (8)
2026-04-30T10:30:22,ABREL,catalyst_c,BUY,1507.90,1420.94,1652.83,0.60,Catalyst C (1 signals): news positive (1 headline),rejected,Max positions reached (8)
2026-04-30T10:30:22,ABFRL,catalyst_c,BUY,64.15,60.27,70.62,0.60,Tier 4 (weak sector Consumer Services): Catalyst C (1 signals): news positive (2 headlines),filtered,weak sector
2026-04-30T10:30:22,AARTIIND,catalyst_c,BUY,500.20,475.70,541.03,0.60,Catalyst C (1 signals): news positive (2 headlines),rejected,Max positions reached (8)
2026-04-30T10:30:22,3MINDIA,catalyst_c,BUY,32845.00,31366.51,35309.15,0.60,Catalyst C (1 signals): news positive (2 headlines),rejected,Max positions reached (8)
2026-04-30T10:30:22,AFCONS,catalyst_b,BUY,332.00,309.96,368.73,0.70,Catalyst B (2 signals): news positive (1 headline) | analyst buy (+24% upside),rejected,Max positions reached (8)
2026-04-30T10:30:22,APOLLOHOSP,catalyst_b,BUY,7590.50,7344.97,7999.72,0.70,Catalyst B (2 signals): news positive (5 headlines) | analyst buy (+15% upside),rejected,Max positions reached (8)
2026-04-30T10:30:22,ATGL,catalyst_c,BUY,626.90,581.59,702.41,0.60,Catalyst C (1 signals): news positive (4 headlines),rejected,Max positions reached (8)
2026-04-30T10:30:22,AMBER,catalyst_c,BUY,7845.50,7432.73,8533.45,0.60,Catalyst C (1 signals): news positive (2 headlines),rejected,Max positions reached (8)
2026-04-30T10:30:22,ABB,catalyst_c,BUY,7108.00,6773.89,7664.85,0.60,Catalyst C (1 signals): news positive (3 headlines),rejected,Max positions reached (8)
2026-04-30T10:30:22,ACMESOLAR,catalyst_c,BUY,300.90,283.23,330.35,0.60,Tier 4 (weak sector Power): Catalyst C (1 signals): news positive (1 headline),filtered,weak sector
2026-04-30T10:30:22,AUBANK,catalyst_c,BUY,1005.75,958.77,1084.05,0.60,Catalyst C (1 signals): news positive (3 headlines),rejected,Max positions reached (8)
2026-04-30T10:30:22,AAVAS,catalyst_b,BUY,1351.10,1282.14,1466.03,0.70,Catalyst B (2 signals): news positive (2 headlines) | analyst buy (+18% upside),rejected,Max positions reached (8)
2026-04-30T10:30:22,AEGISLOG,catalyst_b,BUY,695.50,651.56,768.74,0.70,Catalyst B (2 signals): news positive (2 headlines) | analyst buy (+19% upside),rejected,Max positions reached (8)
2026-04-30T10:30:22,ABDL,catalyst_b,BUY,532.60,499.15,588.35,0.70,Catalyst B (2 signals): news positive (2 headlines) | analyst buy (+26% upside),rejected,Max positions reached (8)
2026-04-30T10:30:22,ANGELONE,catalyst_c,BUY,306.58,289.73,334.66,0.60,Catalyst C (1 signals): news positive (2 headlines),rejected,Max positions reached (8)
2026-04-30T10:30:22,CEMPRO,fortress_c,BUY,792.85,748.51,867.89,0.55,"Fortress C 5/8 (missed: F2,F5,F6): breakout above 702.95; volume 30.9x avg; 5d ROC 19.4%",rejected,Max positions reached (8)
2026-04-30T10:30:22,ANANDRATHI,catalyst_c,BUY,3610.50,3473.55,3838.76,0.60,Catalyst C (1 signals): news positive (3 headlines),rejected,Max positions reached (8)
2026-04-30T10:30:22,ABSLAMC,catalyst_c,BUY,1018.65,950.46,1132.30,0.60,Catalyst C (1 signals): news positive (2 headlines),rejected,Max positions reached (8)
2026-04-30T10:30:22,ANURAS,catalyst_c,BUY,1305.40,1248.66,1399.97,0.60,Catalyst C (1 signals): news positive (2 headlines),rejected,Max positions reached (8)
2026-04-30T10:30:22,AIAENG,catalyst_c,BUY,3897.90,3719.06,4195.97,0.60,Catalyst C (1 signals): news positive (1 headline),rejected,Max positions reached (8)
2026-04-30T10:30:22,ASIANPAINT,catalyst_c,BUY,2414.10,2321.54,2568.36,0.60,Catalyst C (1 signals): news positive (3 headlines),rejected,Max positions reached (8)
2026-04-30T10:30:22,ADANIENSOL,catalyst_c,BUY,1347.45,1257.36,1497.59,0.60,Tier 4 (weak sector Power): Catalyst C (1 signals): news positive (3 headlines),filtered,weak sector
2026-04-30T10:30:23,AWL,catalyst_c,BUY,197.70,186.66,216.10,0.60,Catalyst C (1 signals): news positive (3 headlines),rejected,Max positions reached (8)
2026-04-30T10:30:23,ABLBL,catalyst_c,BUY,103.41,98.30,111.92,0.60,Tier 4 (weak sector Consumer Services): Catalyst C (1 signals): analyst buy (+42% upside),filtered,weak sector
2026-04-30T10:30:23,ADANIGREEN,catalyst_c,BUY,1206.65,1135.70,1324.91,0.60,Tier 4 (weak sector Power): Catalyst C (1 signals): news positive (3 headlines),filtered,weak sector
2026-04-30T10:30:23,ADANIPOWER,catalyst_c,BUY,214.58,202.45,234.80,0.60,Tier 4 (weak sector Power): Catalyst C (1 signals): news positive (2 headlines),filtered,weak sector
2026-04-30T10:30:32,BAJFINANCE,fortress_b,BUY,949.70,907.44,1020.14,0.65,"Fortress B 6/8 (missed: F2,F4): breakout above 946.35; RSI 60; 5d ROC 3.4%",executed,
2026-04-30T10:30:32,CREDITACC,fortress_c,BUY,1302.50,1247.90,1394.90,0.55,"Fortress C 5/8 (missed: F2,F4,F6): breakout above 1298.00; RSI 66; 5d ROC 4.9%",executed,
2026-04-30T10:30:32,APARINDS,catalyst_c,BUY,12367.50,11545.76,13737.07,0.60,Catalyst C (1 signals): news positive (1 headline),rejected,Invalid stop-loss → zero position size
2026-04-30T10:30:32,DCMSHRIRAM,catalyst_c,BUY,1200.80,1132.69,1314.32,0.60,Catalyst C (1 signals): volume 4.0x avg,executed,
2026-04-30T10:30:32,ANTHEM,catalyst_c,BUY,766.90,730.11,828.22,0.60,Catalyst C (1 signals): news positive (1 headline),executed,
2026-04-30T10:30:32,APTUS,catalyst_c,BUY,260.41,247.53,281.88,0.60,Catalyst C (1 signals): news positive (2 headlines),executed,
2026-04-30T10:30:32,ADANIPORTS,catalyst_c,BUY,1616.40,1547.45,1731.31,0.60,Catalyst C (1 signals): news positive (2 headlines),executed,
2026-04-30T10:30:32,ASTERDM,catalyst_c,BUY,692.20,661.52,743.34,0.60,Catalyst C (1 signals): news positive (3 headlines),executed,
2026-04-30T10:30:32,ABCAPITAL,catalyst_c,BUY,341.00,323.55,370.09,0.60,Catalyst C (1 signals): news positive (2 headlines),executed,
2026-04-30T10:30:32,AADHARHFC,catalyst_c,BUY,483.20,460.13,521.65,0.60,Catalyst C (1 signals): news positive (3 headlines),rejected,Max positions reached (8)
2026-04-30T10:30:32,ABFRL,catalyst_c,BUY,64.16,60.28,70.63,0.60,Tier 4 (weak sector Consumer Services): Catalyst C (1 signals): news positive (2 headlines),filtered,weak sector
2026-04-30T10:30:32,ABREL,catalyst_c,BUY,1508.30,1421.34,1653.23,0.60,Catalyst C (1 signals): news positive (1 headline),rejected,Max positions reached (8)
2026-04-30T10:30:32,AARTIIND,catalyst_c,BUY,500.50,476.00,541.33,0.60,Catalyst C (1 signals): news positive (2 headlines),rejected,Max positions reached (8)
2026-04-30T10:30:32,3MINDIA,catalyst_c,BUY,32845.00,31366.51,35309.15,0.60,Catalyst C (1 signals): news positive (2 headlines),rejected,Max positions reached (8)
2026-04-30T10:30:32,AFCONS,catalyst_b,BUY,332.20,310.16,368.93,0.70,Catalyst B (2 signals): news positive (1 headline) | analyst buy (+24% upside),rejected,Max positions reached (8)
2026-04-30T10:30:32,APOLLOHOSP,catalyst_b,BUY,7594.00,7348.47,8003.22,0.70,Catalyst B (2 signals): news positive (5 headlines) | analyst buy (+15% upside),rejected,Max positions reached (8)
2026-04-30T10:30:32,ATGL,catalyst_c,BUY,627.45,582.14,702.96,0.60,Catalyst C (1 signals): news positive (4 headlines),rejected,Max positions reached (8)
2026-04-30T10:30:32,AMBER,catalyst_c,BUY,7850.50,7437.73,8538.45,0.60,Catalyst C (1 signals): news positive (2 headlines),rejected,Max positions reached (8)
2026-04-30T10:30:32,ABB,catalyst_c,BUY,7105.00,6770.89,7661.85,0.60,Catalyst C (1 signals): news positive (3 headlines),rejected,Max positions reached (8)
2026-04-30T10:30:32,ACMESOLAR,catalyst_c,BUY,300.50,282.81,329.99,0.60,Tier 4 (weak sector Power): Catalyst C (1 signals): news positive (1 headline),filtered,weak sector
2026-04-30T10:30:32,AUBANK,catalyst_c,BUY,1006.25,959.27,1084.55,0.60,Catalyst C (1 signals): news positive (3 headlines),rejected,Max positions reached (8)
2026-04-30T10:30:32,AAVAS,catalyst_b,BUY,1351.10,1282.14,1466.03,0.70,Catalyst B (2 signals): news positive (2 headlines) | analyst buy (+18% upside),rejected,Max positions reached (8)
2026-04-30T10:30:32,AEGISLOG,catalyst_b,BUY,695.25,651.31,768.49,0.70,Catalyst B (2 signals): news positive (2 headlines) | analyst buy (+19% upside),rejected,Max positions reached (8)
2026-04-30T10:30:32,ABDL,catalyst_b,BUY,532.65,499.20,588.40,0.70,Catalyst B (2 signals): news positive (2 headlines) | analyst buy (+26% upside),rejected,Max positions reached (8)
2026-04-30T10:30:32,ANGELONE,catalyst_c,BUY,306.45,289.60,334.53,0.60,Catalyst C (1 signals): news positive (2 headlines),rejected,Max positions reached (8)
2026-04-30T10:30:32,CEMPRO,fortress_c,BUY,791.95,747.61,866.99,0.55,"Fortress C 5/8 (missed: F2,F5,F6): breakout above 702.95; volume 30.9x avg; 5d ROC 19.3%",rejected,Max positions reached (8)
2026-04-30T10:30:32,ANANDRATHI,catalyst_c,BUY,3610.60,3473.65,3838.86,0.60,Catalyst C (1 signals): news positive (3 headlines),rejected,Max positions reached (8)
2026-04-30T10:30:32,ABSLAMC,catalyst_c,BUY,1018.65,950.46,1132.30,0.60,Catalyst C (1 signals): news positive (2 headlines),rejected,Max positions reached (8)
2026-04-30T10:30:32,ANURAS,catalyst_c,BUY,1305.40,1248.66,1399.97,0.60,Catalyst C (1 signals): news positive (2 headlines),rejected,Max positions reached (8)
2026-04-30T10:30:32,AIAENG,catalyst_c,BUY,3897.90,3719.06,4195.97,0.60,Catalyst C (1 signals): news positive (1 headline),rejected,Max positions reached (8)
2026-04-30T10:30:32,ASIANPAINT,catalyst_c,BUY,2414.00,2321.44,2568.26,0.60,Catalyst C (1 signals): news positive (3 headlines),rejected,Max positions reached (8)
2026-04-30T10:30:32,ADANIENSOL,catalyst_c,BUY,1347.10,1257.01,1497.24,0.60,Tier 4 (weak sector Power): Catalyst C (1 signals): news positive (3 headlines),filtered,weak sector
2026-04-30T10:30:32,AWL,catalyst_c,BUY,197.58,186.54,215.98,0.60,Catalyst C (1 signals): news positive (3 headlines),rejected,Max positions reached (8)
2026-04-30T10:30:32,ABLBL,catalyst_c,BUY,103.41,98.30,111.92,0.60,Tier 4 (weak sector Consumer Services): Catalyst C (1 signals): analyst buy (+42% upside),filtered,weak sector
2026-04-30T10:30:32,ADANIGREEN,catalyst_c,BUY,1206.65,1135.70,1324.91,0.60,Tier 4 (weak sector Power): Catalyst C (1 signals): news positive (3 headlines),filtered,weak sector
2026-04-30T10:30:32,ADANIPOWER,catalyst_c,BUY,214.48,202.34,234.72,0.60,Tier 4 (weak sector Power): Catalyst C (1 signals): news positive (2 headlines),filtered,weak sector
2026-04-30T10:42:02,SYNGENE,fortress_c,BUY,453.45,429.48,494.01,0.55,"Fortress C 5/8 (missed: F2,F3,F6): breakout above 450.95; volume 12.0x avg; RSI 61; 5d ROC 5.9%",executed,
2026-04-30T10:42:02,BAJFINANCE,fortress_b,BUY,945.70,903.44,1016.14,0.65,"Tier 4 (weak sector Financial Services): Fortress B 6/8 (missed: F2,F4): breakout above 946.35; RSI 60; 5d ROC 3.0%",filtered,weak sector
2026-04-30T10:42:02,NAVINFLUOR,catalyst_b,BUY,6756.50,6406.25,7340.25,0.70,Catalyst B (2 signals): volume 7.6x avg | gap up 4.3%,executed,
2026-04-30T10:42:02,MEESHO,catalyst_c,BUY,185.86,172.43,208.25,0.60,Tier 4 (weak sector Consumer Services): Catalyst C (1 signals): volume 3.1x avg,filtered,weak sector
2026-04-30T10:42:02,CREDITACC,fortress_b,BUY,1296.70,1233.70,1401.70,0.65,"Tier 4 (weak sector Financial Services): Fortress B 6/8 (missed: F2,F4): breakout above 1298.00; RSI 65; 5d ROC 4.4%",filtered,weak sector
2026-04-30T10:42:02,DCMSHRIRAM,catalyst_c,BUY,1200.90,1132.79,1314.42,0.60,Catalyst C (1 signals): volume 4.2x avg,executed,
2026-04-30T10:42:02,APARINDS,catalyst_c,BUY,12422.50,11600.76,13792.07,0.60,Catalyst C (1 signals): news positive (1 headline),rejected,Invalid stop-loss → zero position size
2026-04-30T10:42:02,TATACHEM,catalyst_c,BUY,817.25,766.13,902.46,0.60,Catalyst C (1 signals): gap up 3.9%,executed,
2026-04-30T10:42:02,ADANIPORTS,catalyst_c,BUY,1627.10,1558.15,1742.01,0.60,Catalyst C (1 signals): news positive (2 headlines),executed,
2026-04-30T10:42:03,HSCL,fortress_c,BUY,611.00,579.49,664.32,0.55,"Fortress C 5/8 (missed: F4,F5,F6): breakout above 608.50; EMAs aligned bullish; 5d ROC 14.0%",rejected,Sector cap reached for Chemicals: 42.6%
2026-04-30T10:42:03,APTUS,catalyst_c,BUY,262.32,249.44,283.79,0.60,Tier 4 (weak sector Financial Services): Catalyst C (1 signals): news positive (2 headlines),filtered,weak sector
2026-04-30T10:42:03,ACMESOLAR,catalyst_c,BUY,302.55,284.86,332.04,0.60,Catalyst C (1 signals): news positive (1 headline),executed,
2026-04-30T10:42:03,ANURAS,catalyst_c,BUY,1316.90,1260.16,1411.47,0.60,Catalyst C (1 signals): news positive (2 headlines),rejected,Sector cap reached for Chemicals: 42.6%
2026-04-30T10:42:03,IKS,fortress_c,BUY,1615.00,1534.61,1751.05,0.55,"Tier 4 (weak sector Information Technology): Fortress C 5/8 (missed: F2,F4,F6): breakout above 1573.80; RSI 70; 5d ROC 12.5%",filtered,weak sector
2026-04-30T10:42:03,ABCAPITAL,catalyst_c,BUY,342.65,325.17,371.78,0.60,Tier 4 (weak sector Financial Services): Catalyst C (1 signals): news positive (2 headlines),filtered,weak sector
2026-04-30T10:42:03,AADHARHFC,catalyst_c,BUY,486.00,462.86,524.57,0.60,Tier 4 (weak sector Financial Services): Catalyst C (1 signals): news positive (3 headlines),filtered,weak sector
2026-04-30T10:42:03,ABFRL,catalyst_c,BUY,64.17,60.26,70.68,0.60,Tier 4 (weak sector Consumer Services): Catalyst C (1 signals): news positive (2 headlines),filtered,weak sector
2026-04-30T10:42:03,3MINDIA,catalyst_c,BUY,32850.00,31369.90,35316.83,0.60,Catalyst C (1 signals): news positive (2 headlines),rejected,Invalid stop-loss → zero position size
2026-04-30T10:42:03,AARTIIND,catalyst_c,BUY,503.75,479.25,544.58,0.60,Catalyst C (1 signals): news positive (2 headlines),rejected,Sector cap reached for Chemicals: 42.6%
2026-04-30T10:42:03,TATAINVEST,catalyst_c,BUY,720.75,680.39,788.01,0.60,Tier 4 (weak sector Financial Services): Catalyst C (1 signals): gap up 2.2%,filtered,weak sector
2026-04-30T10:42:03,AUBANK,catalyst_c,BUY,1009.75,962.77,1088.05,0.60,Tier 4 (weak sector Financial Services): Catalyst C (1 signals): news positive (3 headlines),filtered,weak sector
2026-04-30T10:42:03,ANGELONE,catalyst_c,BUY,306.85,290.00,334.93,0.60,Tier 4 (weak sector Financial Services): Catalyst C (1 signals): news positive (2 headlines),filtered,weak sector
2026-04-30T10:42:03,ANANDRATHI,catalyst_c,BUY,3619.60,3482.65,3847.86,0.60,Tier 4 (weak sector Financial Services): Catalyst C (1 signals): news positive (3 headlines),filtered,weak sector
2026-04-30T10:42:03,ABSLAMC,catalyst_c,BUY,1019.65,951.46,1133.30,0.60,Tier 4 (weak sector Financial Services): Catalyst C (1 signals): news positive (2 headlines),filtered,weak sector
2026-04-30T10:42:04,ABLBL,catalyst_c,BUY,103.37,98.26,111.89,0.60,Tier 4 (weak sector Consumer Services): Catalyst C (1 signals): analyst buy (+42% upside),filtered,weak sector
